class,net_change,group
Row & Field Crops,-5623.200000009092,A
Idle,-3527.4600000057035,A
Corn,-2449.52999991861,A
Grassland & Pasture,-2031.2100000032842,A
Alfalfa,-1535.4900000024827,A
Riparian,-702.8099999995993,A
Wetlands,-416.2500000006677,A
Barren,-3.96000000000015,A
Rice,0,A
Urban,0,A
Water,0,A
Woodland & Scrub,0,A
Perennial Crops,16289.910000026122,A
Citrus & Subtropical,171.18000000006055,B
Vineyard,6430.860000010398,B
Deciduous Fruits & Nuts,9687.870000015664,B
