class,label,area
21,GRAIN&HAY,11090.070441992282
22,GRAIN&HAY_WHEAT,3690.1801499712446
26,FIELD,-1907.0099985938057
27,FIELD_CORN,-11508.480000014482
28,ROW,-1327.5899958476878
51,PASTURE,-230.6699968242578
52,PASTURE_ALFALFA,193.50001014232527
